Across Back,Across Bust,Across Chest,Armscye (Max),Around Shoulder,Bicep (Max),Body Area,Body Density,Body Fat %,Body Fat % (Asian),Body Mass Index (BMI),Body Volume,Bust,Bust Width,Bust-Hip Ratio,Bust-Waist Ratio,CB to Hip,CB to Waist,Chest,Customer Age,Customer Gender,Customer Height,Customer Weight,HPS Sleeve Length (Max),HPS To Bust Point (Max),HPS To Knee (Max),HPS to Hip (Max),HPS to Waist (Max),Head Area,Head Volume,High Hip,Hip,Inseam (Max),Knee (Max),Left Arm Area,Left Arm Volume,Left Leg Area,Left Leg Volume,Mid Neck Girth,Natural Waist,Neck,Outseam (Max),Outseam Left,Outseam Right,Outseam to Hip (Max),Outseam to Knee (Max),Pant Waist,Pant Waist Height,Right Arm Area,Right Arm Volume,Right Leg Area,Right Leg Volume,Rise Back,Rise Back (Min Z),Rise Front,Rise Front (Min Z),Rise Total,Rise Total (Min Z),Short Sleeve Length Left,Short Sleeve Length Right,Shoulder Back,Shoulder Front,Sleeve Length Back Neck (Max),Sleeve Length HPS (Max),Sleeve Length Left,Sleeve Length Right,Sleeve Length Shoulder (Max),Thigh (Max),Thigh (Max) (Inflection),Torso Area,Torso Volume,Under Bust,Waist (Natural),Waist-Hip Ratio (WHO),Weight,Weight (Fat),Weight (Non-Fat),Wrist (Max)
12.295,15.002,11.657,21.388,36.777,12.441,2298.7,0.026876,31.2,5.5,20,3937,36.889,9.168,0.916,1.082,20.108,14.621,,34,Female,61,106,23.582,11.315,38.42,23.351,17.816,276.6,344,38.158,40.25,26.816,15.609,206.7,169,417.4,638,16.191,,,,34.716,34.797,4.377,18.624,36.121,34.473,184.9,144,416.6,645,11.997,13.696,12.174,14.063,24.171,27.759,14.598,12.849,12.435,14.049,,,20.794,20.323,,25.095,24.069,796.6,1637,32.828,34.169,0.826,,,,8.301
16.19,17.83,10.91,18.4,39.09,10.34,,0.025456,47.7,,25,,40.67,8.48,,,22.95,13.84,,41,Female,61,132,24.86,11.66,42.19,24.68,15.9,,,44.43,47.52,19.9,14.32,,,,,14.8,,,,35.79,35.61,7.29,24.62,40.17,35.12,,,,,26.17,26.66,18.92,20.71,45.08,47.38,11.98,13.29,16.61,14.8,,,19.43,20.38,,34.92,22.42,,,36.33,37.65,,132,63,69,8.7
12.97,,,14.65,,10.81,,0.032332,24,,18.4,,,,0.893,1.003,19.9,13.45,31.95,32,Female,60,95,,8.27,,22.27,16.01,,,34.17,35.78,20.38,,,,,,,28.84,11.64,35.41,,,,,29.47,34.86,,,,,18.75,,17.67,,36.42,,,,14.02,,26.89,25,,,20.09,25.97,,,,31.02,,0.795,95,23,72,
17.27,13.74,13.79,23.69,43.83,15.31,,0.02612,31.4,,22.9,,40.91,6.88,,,26.31,16.99,,45,Male,69,154,28.75,12.7,48.04,29.2,19.94,,,40.7,44.22,28.08,20.58,,,,,17.52,,,,38.01,38.15,7.43,25.45,39.44,37.61,,,,,16.23,17.96,13.23,14.85,29.45,32.81,14.43,14.73,18.13,15.61,,,20.79,23.22,,28.93,28.7,,,40.22,39.29,,154,48,106,9.72
14.33,16.17,13.53,18.39,37.06,12.31,,0.035083,35.3,,23.8,,38.06,10.95,,,21.76,15.18,,40,Female,63,134,23.37,11.67,42.68,25.35,18.95,,,39.33,39.29,26.63,15.4,,,,,12.81,,,,34.53,34.51,6.55,22.53,36.33,33.99,,,,,12.87,13.71,11.81,12.96,24.68,26.66,11.47,11.53,14.79,13.78,,,18.35,18.43,,22.5,23.43,,,37.44,35.48,,134,48,86,7.32
13.63,18.01,13.15,21.28,38.89,12.65,,0.027277,42.1,,25.4,,43.52,6.67,,,23.27,16.34,,23,Female,63,143,26.19,11.72,43.04,25.14,18.09,,,45.82,45.6,22.26,14.95,,,,,15.13,,,,38.09,37.97,6.6,22.46,39.11,37.29,,,,,23.05,23.36,19.37,19.35,42.42,42.72,13.67,14.32,15.54,15.29,,,20.42,22.27,,35.07,21.45,,,39.53,37.65,,143,60,83,8.51
15.25,15.64,12.81,15.57,34.8,11.66,,0.031649,28.2,,19.5,,33.41,5.66,,,23.18,13.98,,30,Female,63,110,27.26,10.9,39.82,24.94,15.77,,,34.84,37.28,25.4,12.42,,,,,13.23,,,,37.82,37.61,7.6,20.16,32.06,37.42,,,,,18.86,21.55,14.94,18.54,33.8,40.08,14.47,13.46,14.03,13.98,,,23.44,24.05,,27.68,24.91,,,30.43,28.53,,110,31,79,7.7
14.83,12.77,10.23,18.5,29.84,13.87,,0.03393,26.5,,17.7,,32.63,6.26,,,21.54,14.75,,36,Female,63,101,25.8,9.78,38.98,21.36,14.98,,,33.34,36.19,28.92,13.92,,,,,11.3,,,,34.68,34.62,1.63,18.1,35.01,34.4,,,,,10,9.98,8.39,8.38,18.39,18.37,14,13.53,12.27,12.73,,,21.26,20.42,,20.55,19.49,,,31.69,30.02,,101,27,74,6.51
11.8,,,13.87,,10.99,,0.037966,22.9,,20.5,,,,0.871,1.011,19.07,12.99,31.19,30,Female,61,110,,7.5,,21.56,15.39,,,32.49,35.8,21.38,,,,,,,27.47,11.69,34.92,,,,,28.83,34.34,,,,,18.11,,16.1,,34.21,,,,11.82,,24.97,23.02,,,18.86,25.62,,,,30.01,,0.763,110,25,85,
11.55,13.76,10.6,15.32,31.11,10.47,,0.03587,23,,18.3,,31.75,7.31,,,22.09,14.9,,41,Female,62,99,23.6,10.84,36.27,24.2,17.04,,,33.28,35.16,24.29,10.96,,,,,11.74,,,,33.03,33.21,6.59,17.79,28.96,32.66,,,,,11.73,16.21,13.24,16.74,24.97,32.95,11.99,12.64,11.26,12.1,,,15.65,15.6,,23.37,23.22,,,28.88,28.04,,99,23,76,7.35
13.36,13.16,12.44,16.66,35.62,11.56,,0.031394,27.7,,18,,33.1,10.09,,,22.02,15.03,,45,Female,62,99,23.4,10.69,38.64,23.69,17.16,,,34.5,37.83,28.64,14.4,,,,,11.36,,,,36.43,36.35,6.48,20.51,30.36,35.95,,,,,13.05,13.52,11.59,12.56,24.64,26.08,12.44,11.78,14.08,13.7,,,19.85,18.3,,21.15,24.2,,,29.27,28.73,,99,27,72,7
16.67,15.55,14.66,20.96,42.68,13.96,,0.028554,50.8,,26.2,,42.12,5.13,,,22.17,15,,40,Female,63,148,25.79,12.44,41.12,24.32,17.3,,,47.54,49.42,25.67,17.51,,,,,13.6,,,,35.98,36.13,6.39,21.54,42.94,35.53,,,,,14.17,15.77,15.42,16.8,29.58,32.56,8.05,9.12,14.33,15.25,,,19.34,19.11,,27.37,27.49,,,42.12,40.54,,148,75,73,7.75
12.95,15.04,12.58,15.39,34.16,10.95,,0.032832,24.9,,17.9,,32.94,5.55,,,20.7,13.89,,34,Female,61,95,24.5,10.72,36.8,24.22,17.04,,,34.01,35.15,29.31,12.07,,,,,12.13,,,,35.18,35.2,6.12,18.15,30.39,34.88,,,,,10.92,15.65,10.58,16.19,21.5,31.83,12.42,13.39,13.1,13.52,,,15.39,14.34,,23.04,25.67,,,30.29,29.44,,95,24,71,8.13
14.72,15.72,15.26,20.31,42.14,14.46,,0.031399,28.4,,22.3,,41.11,6.94,,,25.66,17.25,,23,Male,70,154,28.42,11.87,48.11,27.84,19.86,,,39.77,41.59,29.31,15.08,,,,,16.77,,,,36.6,36.49,4.18,22.99,38.72,36.39,,,,,10.92,11.71,12.43,13.03,23.35,24.74,13.71,14.49,18.07,16.62,,,22.45,22.67,,23.95,23.49,,,41.11,37.96,,154,44,110,9.03
13.56,14.54,12.96,18.28,35.79,11.91,,0.031749,36.4,,20.8,,36.19,6.49,,,20.42,14.3,,45,Female,61,110,24.64,10.4,38.81,22.83,16.65,,,34.51,39.52,26.49,14.72,,,,,12.4,,,,32.56,32.46,3.52,18.17,34.23,32.26,,,,,11.05,11.65,9.4,10.01,20.46,21.66,11.92,12.81,14.84,14,,,19.03,20.66,,23.12,22.1,,,33.89,34.56,,110,40,70,5.23
14.98,14.53,10.58,18.12,39.4,12.6,,0.032706,30.6,,19.5,,37.92,4.6,,,21.56,12.83,,30,Female,63,110,24.44,10.18,37.79,22.76,13.67,,,34.75,35.85,27.94,12.99,,,,,12.93,,,,33.57,33.6,3.67,17.69,32.48,33.24,,,,,9.33,9.75,9.92,10.48,19.25,20.23,11.21,10.85,17.17,16.14,,,17.67,18.83,,20.96,21.59,,,37.85,36.62,,110,34,76,5.6
15.76,16.21,15.37,30.54,45.31,12.14,,0.028101,34.8,,22.5,,40.23,8.03,,,24.42,14.72,,45,Male,67,143,28.46,12.27,44.3,28.06,18.33,,,39.36,41.32,27.13,17.15,,,,,15.2,,,,32.97,32.79,2.06,16.73,40.1,32.6,,,,,11.48,12.29,9.2,9.97,20.69,22.27,14.04,13.95,18.13,18.44,,,22.07,21.03,,26.6,26.2,,,39.9,39.25,,143,50,93,10.17
13.65,17.72,7.63,15.2,36.14,11.14,,0.039672,29.5,,23.8,,37.45,8.84,,,20.65,13.8,,40,Female,63,134,24.34,10.97,37.06,23.41,16.47,,,35.1,37,26.26,14.76,,,,,12.82,,,,33.53,33.41,5.05,17.31,34.3,33.01,,,,,11.32,12.15,11.96,12.81,23.28,24.95,7.45,7.41,15.19,14.77,,,18.29,19.49,,23.87,25.19,,,33.38,32.88,,134,40,94,7.1
13.58,16.29,13.19,17.1,35.8,13.54,,0.031631,23.6,,18.6,,38.36,8.24,,,19.7,13.21,,45,Female,65,110,21.12,10.64,39.74,22.71,15.98,,,36.93,37.85,28.7,13.69,,,,,16.47,,,,35.77,35.66,4.49,20.71,33.39,35.39,,,,,11.26,12.03,13.59,14.55,24.85,26.58,11.8,11.82,12.66,13.67,,,16.38,18.49,,23.58,22.82,,,38.12,32.48,,110,26,84,3.88
16.64,16.83,15.24,24.49,46.05,17.35,,0.026094,35.7,,24.1,,47.04,7.39,,,20.81,14.68,,45,Female,66,150,25.95,11.98,38.05,23.87,17.75,,,46.32,48.49,26.4,19.61,,,,,25.97,,,,35.72,35.67,5.51,18.62,42.83,35.26,,,,,13.77,16.45,16.26,18.71,30.03,35.16,12.62,12.69,18.31,19,,,21.29,21.36,,28.9,27.63,,,46.69,41.61,,150,54,96,4.74
14.16,14.88,12.69,19.64,37.58,8.33,,0.027796,35.9,,19.8,,37.47,9.66,,,22.25,16.31,,45,Female,63,110,24.49,10.12,40.32,23.54,17.87,,,39.17,41.7,26.44,16.4,,,,,14.35,,,,33.97,34.49,5.04,20.24,37.61,33.3,,,,,12.6,13.23,11.65,12.87,24.25,26.1,13.84,14.33,14.92,13.93,,,20.25,19.85,,25.12,23.65,,,34.81,36.08,,110,40,70,7.41
14.31,21.94,16.25,20.21,42.18,14.84,,0.023299,46.7,,26.7,,47.3,10.05,,,20.85,13.03,,45,Female,59,132,23.75,13.51,36.86,24.99,17.42,,,47.86,48.54,22.81,20.98,,,,,22.7,,,,33.8,33.73,5.89,17.27,44.62,33.46,,,,,15.05,16.71,16.3,17.76,31.35,34.47,11.85,12.02,17.42,17.62,,,19.4,19.13,,28.79,27.23,,,45.76,43.96,,132,62,70,8
12.79,13.6,12.68,15.29,34.64,11.51,,0.02594,27.6,,17.1,,32.93,5.79,,,21.85,15.2,,32,Female,60,88,26.26,10.51,37.82,23.12,16.16,,,34.62,36.45,26.36,12.33,,,,,12.06,,,,37.55,37.78,6.41,20.15,30.62,37.28,,,,,14.2,18.35,16.96,21.11,31.16,39.45,12.93,13.42,13.02,13.57,,,16.16,16.36,,26.73,24.95,,,30.8,29.66,,88,24,64,7.63
16.64,15.43,15.14,21.3,39.97,14.63,,0.027236,37.3,,21.9,,38.92,8.57,,,22.2,14.76,,57,Female,62,119,26.35,11.3,39.31,25,17.48,,,39.59,42.57,26.36,17.28,,,,,15.43,,,,35.91,35.37,5.67,18.73,37.69,35.2,,,,,12.57,13.29,14.35,14.89,26.92,28.18,7.56,10.28,16.98,16.31,,,19.14,20.88,,23.68,23.81,,,38.48,35.81,,119,44,75,7.27
15.7,17.54,13.01,20.65,40.93,13.78,,0.02724,42.1,,24,,42.02,6.09,,,20.58,13.75,,49,Female,59,119,23.17,12.51,39.79,24.05,17.4,,,41.47,43.29,25.9,17.09,,,,,15.61,,,,33.38,33.21,5.13,19.46,39.52,33.03,,,,,12.33,14.11,13.62,15.35,25.95,29.46,8.52,12.8,16.31,15.34,,,18.55,18.5,,23.59,24.17,,,37.59,37.95,,119,50,69,9.81
14.48,14.38,13.44,17.66,38.19,14.51,,0.032216,35.3,,24.1,,35.65,5.83,,,24.88,16.81,,50,Female,61,128,23.53,10.64,37.63,24.97,17.54,,,38.61,39.64,26.42,16.79,,,,,14.63,,,,33.86,33.62,6.53,17.71,37.09,33.52,,,,,11.91,13.25,12.77,13.83,24.68,27.09,7.07,7.28,17.17,17.04,,,17.55,18.59,,22.34,23.04,,,35.39,35.73,,128,45,83,9.23
15.67,14.27,16.18,17.14,41.37,6.66,,0.026098,38,,19,,33.06,6.15,,,21.35,14.42,,58,Female,58,90,37.69,11.35,39.36,23.53,16.87,,,37.08,39.99,21.65,18.62,,,,,12.36,,,,30.37,30.68,5.47,19.54,34.5,30.09,,,,,12.41,4.98,12.49,2.84,24.91,7.82,7.63,6.28,17.1,17.7,,,14.41,31.63,,24.83,24.25,,,33.06,33.48,,90,34,56,0
14.69,14.84,13.08,21.14,38.81,14.05,,0.025199,43.4,,23.6,,38.41,7.04,,,22.19,15.12,,43,Female,59,117,26.19,11.19,38.54,23.03,16.08,,,41,44.4,26.28,21.9,,,,,13.9,,,,34.11,34.19,6.28,20.62,36.9,33.81,,,,,14.47,16.68,13.27,15.84,27.74,32.52,13.1,12.2,15.28,13.89,,,21.8,18.73,,28.38,33.78,,,35.86,36.32,,117,51,66,10.42
12.26,15.68,12.33,20.51,35.26,14.57,,0.027497,36,,23.1,,36.39,7.36,,,21.66,14.47,,52,Female,62,126,24.22,12.09,41.66,24.06,17,,,41.39,42.9,26.88,18.21,,,,,15.58,,,,34.31,34.57,4.55,22.31,38.49,33.94,,,,,12.95,15.01,11.71,13.79,24.67,28.8,10.1,10.38,13.55,13.47,,,19.69,20.69,,29.02,26.78,,,34.69,34.54,,126,45,81,9.35
15.46,13.23,12.68,19.43,37.65,7.68,,0.026708,40,,20.9,,36.53,6.13,,,22.4,15.61,,47,Female,59,104,25.48,10.85,38.49,24.4,17.01,,,39.28,42.68,26.53,16.53,,,,,13.68,,,,32.79,32.81,5.38,19.08,36.8,32.59,,,,,11.71,13.72,12.41,14.2,24.13,27.92,8.49,8.17,12.36,13.21,,,20.85,17.82,,23.72,24.74,,,35.4,34.69,,104,41,63,7.31
13.27,15.22,12.97,19.08,36.81,14.93,,0.024421,37.8,,20.5,,37.49,7.88,,,22.31,15.59,,49,Female,60,106,25.7,11.29,42.74,23.67,18.06,,,37.87,41.59,27.81,16.85,,,,,13.96,,,,37.42,37.41,6.09,23.84,35.43,36.98,,,,,14.06,15.79,14.12,15.35,28.18,31.14,10.16,8.91,14.06,14.36,,,21.4,20.58,,24.43,23.43,,,35.07,34.85,,106,40,66,10.07
14.32,18.01,14.32,21.1,39.85,11.78,,0.029058,39.9,,22.9,,41.99,8.43,,,22.45,15.14,,48,Female,64,132,26.09,12.24,41.75,25.07,17.43,,,42.73,42.77,28.5,14.65,,,,,15.38,,,,36.71,36.65,4.85,20.26,40.67,36.49,,,,,12.82,13.64,13.36,14.46,26.18,28.11,8.93,9.03,16.11,15.14,,,21.03,22.43,,23.61,22.99,,,39.07,39.18,,132,53,79,10.1
13.46,16.2,13.05,16.87,35.46,12.82,,0.02819,32.4,,19.8,,36.62,5.78,,,23.26,15.66,,42,Female,64,115,25.82,11.35,39.15,24.56,17.22,,,37.39,40.4,28.02,17.76,,,,,13.87,,,,36.3,36.27,6.52,20.12,34.36,35.99,,,,,13.36,16.25,12.74,16.02,26.1,32.27,8.36,8.09,14.43,13.99,,,19.95,20.57,,23.61,23.26,,,36.63,33.36,,115,37,78,9.3
12.92,14.55,11.96,16.57,35.18,11.55,,0.03308,35.7,,22.3,,37.12,6.51,,,22.02,14.79,,45,Female,62,121,24.19,10.53,38.02,23.58,16.72,,,37.6,40.51,28.34,15.6,,,,,13.18,,,,34.85,34.96,5.42,18.74,35.52,34.63,,,,,12,13.14,11.87,13.01,23.87,26.15,8.04,8.08,12.77,13.8,,,18.86,19.45,,22.33,23.21,,,35.05,34.25,,121,43,78,8.59
14.19,16.24,13.63,21.23,39.22,14.91,,0.027369,34.2,,20.1,,40.44,6.04,,,21.14,14.13,,52,Female,65,119,24.46,11.6,40.12,23.78,16.53,,,38,38.41,28.12,15.91,,,,,13.78,,,,37.91,37.81,5.98,21.92,37.51,37.68,,,,,14.16,16.76,14.09,17.03,28.25,33.8,8.91,9.16,15.55,14.6,,,18.76,19.78,,26.47,22.46,,,37.75,37.25,,119,41,78,8.16
10.95,13.89,10.85,18.06,31.89,11.32,,0.037535,27.6,,22.2,,31.97,5.61,,,21.02,14.08,,37,Female,60,115,23.05,10.26,38.62,23.54,15.96,,,33.97,36.32,27.37,15.7,,,,,11.34,,,,34.47,35.1,6.35,21.68,30.41,34.3,,,,,12.96,13.69,10.38,11.68,23.33,25.37,13.05,12.81,11.98,11.43,,,20.1,19.08,,20.62,21.86,,,28.97,29.14,,115,32,83,8.4
12.47,15.38,8.17,16.3,33.69,11.74,,0.032806,25.6,,19.1,,34.21,7.64,,,23.49,13.68,,37,Female,65,115,26.42,10.97,42.13,24.32,16.6,,,33.65,38.12,30.44,14.52,,,,,12.68,,,,38.2,38.43,6.31,23.02,31.05,38.02,,,,,13.57,14.52,11.16,12.68,24.73,27.21,9.61,8.52,13.48,13.25,,,22.44,21.99,,21.63,23.73,,,30.67,28.61,,115,29,86,5.17
12.93,12.56,11.09,18.54,34.31,10.74,,0.038051,27.8,,22.2,,33.49,6.88,,,22.14,13.21,,39,Female,60,115,24.47,9.67,36.92,22.62,14.62,,,32.49,36.49,28.43,14.94,,,,,11.27,,,,35.37,35.35,6.07,19.45,29.92,35.15,,,,,12.22,12.94,10.33,11.33,22.54,24.27,8.31,8.85,11.25,11.88,,,19.73,20.68,,19.05,19.5,,,29.92,27.72,,115,32,83,7.79
13.52,13.71,12,17.61,34.9,11.29,,0.033905,25.6,,18.4,,34.36,4.4,,,23.04,14.2,,37,Female,66,115,25.42,9.89,39.58,22.98,15.37,,,33.97,38.06,28.2,15,,,,,12.4,,,,36.3,36.27,6.14,21.54,31.14,35.91,,,,,13.59,14.74,12.07,13.77,25.66,28.51,8.64,8.68,13.62,12.66,,,20.77,21.11,,23.09,23.26,,,30.21,29.39,,115,29,86,7.29
12.85,14.37,11.61,16.66,33.71,11.14,,0.029293,26.8,,16.8,,32.89,9.77,,,21.84,20.96,,35,Female,62,93,24.74,10.36,38.66,23.01,14.85,,,32.77,37.63,28.59,15.68,,,,,12.13,,,,36.21,36.2,6.08,21.15,30.2,35.84,,,,,12.49,13.12,11.22,12.43,23.71,25.55,8.84,8.16,12.72,12.32,,,21.12,20.73,,20.25,21.66,,,30.28,28.26,,93,25,68,7.16
12.28,13.63,11.88,16.29,32.58,11.4,,0.036511,22.2,,19.2,,32.68,6.81,,,21.98,13.82,,36,Female,62,106,24.39,10.35,39.95,24.01,15.9,,,32.12,36.46,28.81,14.29,,,,,13.16,,,,35.97,36.02,6.24,20.96,28.96,35.68,,,,,12.71,13.45,10.05,11.15,22.76,24.6,8.24,8.75,11.5,12.11,,,20.53,21.38,,20.07,20.85,,,29.1,26.94,,106,24,82,6.37
14.205,14.692,13.559,17.792,36.963,10.512,,0.032759,27.7,21.1,20.2,,36.144,6.059,0.933,1.145,22.227,16.265,,30,Female,65,121,24.994,10.089,36.92,23.482,17.671,,,36.055,38.735,22.242,14.593,,,,,11.264,,,,36.24,36.148,5.073,18.064,33.806,35.721,,,,,18.013,18.015,17.682,17.741,35.695,35.755,12.683,12.507,15.204,14.152,,,20.396,19.912,,27.589,20.574,,,29.028,32.167,0.755,,,,7.607
14.044,14.945,12.861,19.282,37.709,8.628,,0.032823,24.4,10.4,21,,36.045,9.445,0.97,1.081,22.381,16.395,,38,Female,64,121,23.788,10.972,38.841,24.404,17.733,,,36.441,37.142,28.81,15.905,,,,,16.282,,,,34.466,34.482,4.287,17.939,35.007,34.308,,,,,10.703,12.711,10.068,11.964,20.771,24.675,14.702,14.687,14.03,13.603,,,20.574,20.921,,23.222,25.195,,,33.458,33.101,0.878,,,,8.505
12.528,14.207,12.058,11.851,31.496,9.218,,0.036588,23.2,20.4,19,,31.307,5.581,0.808,1.086,23.378,15.829,,30,Female,68,126,27.048,10.006,39.426,24.578,17.35,,,34.092,38.723,31.329,14.94,,,,,11.62,,,,39.589,39.635,6.73,20.399,28.816,39.121,,,,,12.953,14.247,12.431,14,25.385,28.247,13.049,13.535,13.951,12.895,,,21.356,22.922,,25.509,25.53,,,28.825,27.59,0.713,,,,8.521
12.022,14.752,9.725,12.666,29.766,8.795,,0.037431,19.8,19.2,19.7,,31.384,4.996,0.874,1.135,21.62,15.123,,26,Female,61,106,23.588,10.134,37.033,22.861,16.722,,,32.543,35.917,25.134,13.959,,,,,13.116,,,,34.699,34.772,5.059,18.067,29.325,34.255,,,,,13.363,0,12.932,0,26.295,0,12.407,11.939,10.342,11.301,,,20.025,19.588,,24.962,17.729,,,28.37,27.306,0.729,,,,8.643
11.94,13.15,9.59,17.17,33.17,12.67,,0.034668,27.1,,20.5,,32.04,6.69,,,21.41,14.56,,37,Female,58,99,24.6,10.23,37.91,22.75,15.79,,,32.49,33.99,28.62,12.73,,,,,11.9,,,,37.3,37.14,6.05,20.6,30.88,36.94,,,,,12.77,13.01,11.57,12.05,24.34,25.06,13.99,12.02,11.5,12.32,,,20.63,18.65,,19.56,19.35,,,31.48,30.54,,99,27,72,4.94
14.53,12.57,13.39,19.77,37.74,11.84,,0.033104,21.1,,21.8,,34.4,7.29,,,24.1,15.59,,28,Male,63,121,25.66,13.17,40.53,27.56,18.82,,,35.99,36.58,25.06,15.98,,,,,14.48,,,,32.19,32.18,5.2,17.03,33.52,31.97,,,,,11.21,12.07,10.77,11.98,21.98,24.05,12.02,12.36,15.27,15.32,,,20.67,20.37,,21.64,21.96,,,33.4,31.45,,121,26,95,9.3
16.98,14.27,14.49,21.85,41.63,15.83,,0.028777,29.6,,27.2,,38.14,5.85,,,23.2,15.38,,55,Male,59,137,28.97,12.98,40.42,24.57,16.9,,,37.14,39.4,29.19,19.65,,,,,15.51,,,,37.23,37.8,4.46,19.94,34.37,36.92,,,,,14.06,15.75,11.11,13.61,25.17,29.36,15.41,14.93,17.39,16.4,,,23.11,23.33,,26.61,25.16,,,38.14,35.61,,137,40,97,3.2
16.86,17.84,12.19,19.38,43.66,12.74,,0.030627,35.9,,24,,44.05,7.11,,,21.62,14.94,,38,Female,62,132,26.56,9.64,38.98,23.13,16.29,,,37.88,40.25,28.39,12.46,,,,,13.49,,,,37.15,36.67,5.15,19.74,35.8,36.03,,,,,14.79,21.28,11.43,17.78,26.22,39.06,13.13,10.92,19.06,17.99,,,20.61,19.12,,31.54,32.16,,,39.71,35.19,,132,47,85,7.94
14.7,13.99,13.42,21.21,38.85,12.45,,0.034744,19.9,,19.4,,36.35,6.64,,,21.35,15.52,,30,Male,67,123,28.86,11.56,41.05,24.56,17.37,,,33.94,34.49,29.02,13.67,,,,,13.83,,,,37.94,38.18,2.71,18.32,33.29,34.82,,,,,9.85,10.5,10.88,11.67,20.74,22.18,14.92,14.47,14.55,15.29,,,22.44,22.72,,22.99,21.95,,,35.49,31.85,,123,25,98,8.79
16.19,14.32,13.91,20.61,41.07,13.62,,0.035324,25.8,,26.3,,38.59,6.48,,,23.77,16.2,,64,Male,64,152,24.59,11.05,37.32,24.75,17.34,,,35.37,39.94,25.96,19.05,,,,,15.81,,,,34.72,34.67,6.51,17.68,36.2,34.41,,,,,12.59,13.09,13.05,13.59,25.64,26.68,12.55,13,16.28,15.77,,,18.3,21.38,,23.98,24.88,,,37.2,36.79,,152,39,113,8.63
15.72,13.09,14.38,21.88,42.66,15.26,,0.031962,30.3,,22.3,,38.65,7.92,,,25.4,17.84,,34,Male,68,146,26.66,12.75,43.94,27.17,18.95,,,38.07,39.31,29.15,15.29,,,,,16.65,,,,36.32,36.53,5.29,22.55,36.45,35.88,,,,,12.1,12.27,10.3,10.46,22.41,22.72,14.22,13.44,16.65,16.16,,,20.61,22.02,,22.24,23.61,,,38.59,37.64,,146,44,102,9.37
14.63,12.54,12.99,20.37,38.46,15.57,,0.024324,35.2,,19.7,,36.96,4.37,,,24.84,17.03,,43,Male,66,121,27.02,12.67,44.63,27.58,19.4,,,40.05,42.4,26.88,20.33,,,,,15.82,,,,36.38,36.52,4.7,22.31,35.79,36.18,,,,,13.92,13.91,11.24,11.23,25.16,25.15,14.52,14.56,15.75,15.33,,,21.67,22.3,,27.16,26.19,,,36.96,36.55,,121,43,78,7.74
14.04,14.69,12.94,20.97,37.83,9.45,,0.033426,38.4,,26.5,,38.41,7.85,,,22.49,15.5,,48,Female,60,137,23.58,10.8,41.76,23.96,17.18,,,38.83,42.45,19.37,12.15,,,,,10.91,,,,35.33,35.33,6.41,22.4,34.32,34.88,,,,,22.19,22.18,21.05,21.03,43.23,43.21,12.32,12.28,13.01,13.52,,,19.18,19.87,,35.55,21.96,,,33.94,31.45,,137,52,85,7.12
17.88,16,16.8,22.52,48.07,13.81,,0.027793,35.9,,23.1,,45.02,9.65,,,27.51,18.78,,30,Male,71,165,30.67,12.45,48.69,28.25,19.84,,,44.48,45.56,31.09,17.17,,,,,16.21,,,,37.12,37.26,5.1,24.15,41.6,36.93,,,,,9.4,12.25,13.22,14.66,22.62,26.91,14.91,15.37,19.07,18.64,,,23.61,25.51,,28.92,32,,,43.06,42.12,,165,59,106,10.29
16.77,13.72,14.35,21.94,42.83,14.99,,0.029072,33,,23.2,,40.08,5.82,,,25.53,17.31,,45,Male,67,148,27.25,11.23,44.01,26.7,18.66,,,37.38,41.63,28.99,17.55,,,,,15.2,,,,34.78,34.81,4.55,20.53,37.17,34.49,,,,,11.07,12.51,10.42,11.93,21.49,24.44,13.9,12.97,16.55,16.6,,,22.52,22.25,,25.19,25.85,,,40.08,38.23,,148,49,99,9.58
15.84,13.58,13.37,19.78,39.15,10.08,,0.026493,41.8,,21.4,,38.11,6.48,,,21.77,13.52,,32,Female,60,110,25.87,10.14,37.38,23.05,14.94,,,40.67,41.46,27.33,16.28,,,,,12.66,,,,35.77,35.79,5.76,19.41,38.26,35.6,,,,,14.02,16.25,12.77,15.36,26.79,31.61,12.83,13.34,13.36,13.89,,,20.15,22.2,,25.96,25.24,,,35.7,35.3,,110,46,64,8.25
14.92,12.82,12.43,20.68,38.72,12.77,,0.031608,30.7,,19.4,,36.58,3.66,,,25.01,16.87,,35,Male,67,123,27.69,10,37.97,25.81,18.42,,,36.71,38.42,27.95,16.42,,,,,13.55,,,,46.01,45.86,7.14,18.29,35.69,35.59,,,,,12.46,13.11,13.87,14.34,26.33,27.45,15.95,14.25,14.97,14.56,,,22.76,24.12,,21.74,23.79,,,35.59,35.55,,123,38,85,7.56
16.76,16.57,15.98,22.77,45.93,16.64,,0.02262,48.2,,22.5,,45.45,7.08,,,26.37,16.85,,40,Male,67,143,27.14,10.34,45.35,27.54,18.61,,,47.11,48.06,24.19,18.29,,,,,19.23,,,,34.42,34.64,5.84,21.58,45.73,34.26,,,,,15.1,15.63,13.97,14.3,29.07,29.92,13.08,12.84,19.47,17.68,,,21.91,24.01,,26.31,24.32,,,43.67,44.82,,143,69,74,9.17
15.95,14.25,14.69,20.22,41.35,12.78,,0.032086,29.1,,20.7,,38.36,7.58,,,25.62,15.74,,50,Male,67,130,28.53,10.7,42.37,26.33,17.95,,,37.87,37.41,29.54,14.55,,,,,15.73,,,,34.99,35.06,5.43,21.28,35.2,34.73,,,,,11.76,12.18,8.74,9.7,20.5,21.87,13.14,13.25,16.9,16.74,,,22.56,22.49,,20.64,22.15,,,35.46,34.65,,130,38,92,9.01
16.47,15.08,15.43,20.86,43.81,11.78,,0.027587,32.4,,22.5,,40.45,8.31,,,25.96,16.66,,40,Male,67,143,25.06,11.48,43.14,27.01,17.54,,,41.14,42.36,28.44,19.27,,,,,16.22,,,,34.35,34.66,4.66,19.61,38.68,34.27,,,,,12.34,14.54,10.35,12.93,22.68,27.47,12.84,12.93,17.55,16.96,,,20.45,22.01,,26.49,27.92,,,39.08,37.32,,143,46,97,9.83
16.03,16.9,14.88,18.58,40.43,13.43,,0.030054,35.5,,23.9,,40.24,5.91,,,22.45,15.44,,47,Female,62,130,25.87,10.91,38.11,23.65,16.69,,,37.69,41.33,23.69,15.79,,,,,13.53,,,,36.65,36.8,6.33,19.31,33.82,36.2,,,,,19.68,21.04,18.03,19.57,37.71,40.6,12.46,13.13,16.78,15.66,,,18.92,20.16,,32.81,28.96,,,34.1,33.61,,130,46,84,8.98
16.76,15.42,11.64,22.6,41.33,13.28,,0.02947,26,,18.8,,39.68,5.78,,,27.64,19.03,,30,Male,73,143,30.48,11.88,47.55,29.03,20.42,,,39.6,39.96,33.11,14.4,,,,,17.24,,,,39.8,39.84,4.42,22.05,38.37,39.62,,,,,12.54,13,11.04,11.73,23.58,24.73,16.23,15.11,15.53,16.98,,,24.64,26.36,,22.21,24.39,,,38.76,35.75,,143,37,106,9.31
16.21,15.44,15.01,21.01,42.72,15.31,,0.029743,30.2,,24.8,,41.3,6.93,,,26.05,17.51,,39,Male,69,165,28.55,11.39,41.24,27.8,19.47,,,41.41,42.88,30.78,20.1,,,,,16.29,,,,36.76,36.84,4.83,17.83,40.39,36.55,,,,,11.59,12.8,10.65,12.02,22.23,24.82,14.37,14.77,16.83,16.26,,,23.27,23.3,,24.92,28.31,,,40.8,39.03,,165,50,115,9.92
14.29,13.58,13.75,20.04,39.61,15.05,,0.030787,27.7,,22.1,,36.85,6.94,,,24.61,16.63,,34,Male,67,141,26.64,12.5,43.16,26.53,19.05,,,38.49,39.74,29.44,16.68,,,,,16,,,,36.78,37.04,5.04,19.99,37.21,36.51,,,,,13.47,14.37,11.2,11.96,24.67,26.32,14.39,13.25,15.52,15.36,,,21.5,23.25,,23.42,28.25,,,36.12,35.98,,141,39,102,10.24
17.05,17.51,7.95,18.67,44.03,14.2,,0.031733,26.7,,22.4,,45.23,7.07,,,23.25,15.69,,38,Male,68,148,27.27,10.22,42.57,24.75,17.26,,,36.89,38.58,28.4,15.8,,,,,15.86,,,,39.75,39.79,6.51,22.89,36.56,39.66,,,,,16.48,16.61,15.31,15.47,31.79,32.08,13.04,10.76,20.37,20.64,,,19.63,19.22,,27.09,23.08,,,45.23,36.69,,148,39,109,10.49
18.18,19.76,18.87,24.92,51.86,19.55,,0.01916,56.1,,21.8,,51.53,7.53,,,25.78,17.26,,40,Male,67,139,28.55,13.51,44.87,29.23,20.85,,,47.17,48.6,27.91,18.62,,,,,20.22,,,,35.54,44.21,4.27,18.38,46.34,35.16,,,,,12.84,14.67,11.71,13.46,24.54,28.13,12.86,13.37,21.08,21.25,,,20.83,21.55,,28.85,27.23,,,49.95,48.18,,139,78,61,11.61
17.17,20.69,15.77,18.34,45.29,18.02,,0.02986,33.8,,32.2,,49.65,13.35,,,26.43,18.18,,42,Male,72,238,30.91,12.32,47.45,30.49,21.23,,,47,47.85,30.91,23.55,,,,,20.63,,,,39.4,39.5,4.87,21.86,47.26,39.29,,,,,12.52,14.67,14.18,15.82,26.71,30.5,17.66,13.94,19.87,19.68,,,25.19,23.85,,29.44,29.48,,,49.6,48.29,,238,81,157,14.63
14.22,16.31,13.79,16.18,37.68,8.61,,0.02929,27.7,,21.5,,36.15,5.59,,,20.63,12.85,,50,Female,58,104,22.96,11.08,44.68,23.24,15.58,,,30.46,35.43,20.08,12.33,,,,,13.91,,,,35.6,35.58,3.8,24.53,30.2,35.21,,,,,21.04,21.44,19.01,19.89,40.05,41.34,11.99,11.14,14.83,14.69,,,18.37,21,,29.01,28.97,,,33.12,31.45,,104,29,75,2.23
13.78,14.09,13.72,18.26,38.28,11.93,,0.036483,22.9,,20.7,,34.67,6.71,,,23.13,15.36,,41,Male,68,137,25.63,10.88,42.56,24.55,15.66,,,34.99,36.91,30.55,15.27,,,,,14.27,,,,37.16,37.43,4.72,22.56,31.7,36.71,,,,,11.14,11.7,10.18,10.88,21.32,22.58,12.12,12.76,15.41,15.18,,,17.82,22.75,,21.15,20.86,,,34.67,32.69,,137,31,106,2.39
16.85,15.91,14.72,21.89,42.71,14.29,,0.028372,30.1,,24.7,,41.71,7.05,,,26.16,16.22,,40,Male,71,176,30.2,12.88,42.07,29.29,19.39,,,41.91,43.35,28.85,20.57,,,,,15.79,,,,37.63,37.59,5.07,18.89,37.95,37.28,,,,,13.71,14.72,11.76,13.48,25.47,28.2,15.48,14.72,16.01,16.84,,,24.15,24.97,,27.55,25.84,,,41.71,39.25,,176,53,123,8.68
14.72,16.44,14.2,21.34,41.03,14.35,,0.023598,33.4,,19.5,,43.71,8.28,,,23.9,16.05,,35,Female,63,110,23.24,10.71,39.25,26.64,17.71,,,39.82,41.07,27.73,15.27,,,,,22,,,,33.73,33.75,5.31,17.09,38.22,33.57,,,,,11.49,12.71,10.11,11.64,21.6,24.35,11.18,12.56,17.79,15.97,,,19.94,21.04,,23.05,23.8,,,41.22,40.17,,110,37,73,9.12
12.62,15.59,12.43,16.72,34.74,10.38,,0.031946,27.9,,22.2,,35.32,5.65,,,21.2,13.51,,50,Female,59,110,23.94,10.57,30.52,22.76,14.8,,,35.53,36.28,29.97,19.19,,,,,13.26,,,,34.86,35.13,5.3,12.3,32.42,34.78,,,,,9.86,12.73,9.11,11.99,18.97,24.72,12.35,12.96,13.61,12.97,,,18.47,22.27,,21.23,27.44,,,31.13,29.75,,110,31,79,8.08
12.52,14.05,11.56,18.33,33.43,11.02,,0.033565,21.8,,19.7,,33.28,7.96,,,21.68,13.72,,36,Female,61,106,26.18,10.73,38.27,24.11,16.13,,,33.54,34.9,27.18,15.43,,,,,12.46,,,,33.93,33.77,4.51,18.85,30.3,33.64,,,,,11,12.38,9.76,11.64,20.76,24.01,13.54,12.1,12.67,11.57,,,22.05,19.26,,21.25,22.16,,,31.18,27.58,,106,23,83,0
15.22,15.15,14.35,19.23,39.45,14.33,,0.02973,33.4,,22.8,,38.82,6.91,,,24.66,16.34,,60,Male,67,146,24.97,11.32,37.9,25.57,16.9,,,39.29,40.07,27.42,19.68,,,,,15.55,,,,34.31,34.76,4.54,15.39,37.32,34.13,,,,,12.56,13.36,9.26,10.73,21.83,24.09,12.01,11.98,15.7,16.15,,,21.76,21.3,,24.34,23.66,,,40.02,37.99,,146,49,97,11.46
15.01,19.03,15.6,15,38.83,11.81,,0.030305,30.1,,24.6,,42.05,9.9,,,24.6,16.28,,51,Male,70,172,30.04,10.44,48.79,27.83,18.11,,,39.14,40.95,31.93,16.8,,,,,14.73,,,,41.99,41.84,4.68,27.41,37.36,41.08,,,,,11.24,11.27,14.79,18.66,26.03,29.93,14.24,19.1,16.38,17.55,,,23.82,26.14,,24.04,22.97,,,41.53,39.48,,172,52,120,7.2
12.07,15.81,12.41,16.57,33.32,9.84,,0.031137,28.7,,20.8,,35.53,7.85,,,22.97,15.32,,34,Female,67,132,25.58,10.65,39.67,24.89,17.29,,,36.88,39.55,30.89,17.47,,,,,13.16,,,,38.81,38.73,6.22,21.65,34.01,38.5,,,,,13.38,16.6,12.42,16.17,25.8,32.77,13.85,13.61,13.94,13.69,,,21.34,22.49,,24.58,25.32,,,32.77,32.08,,132,38,94,9.07
12.04,15.06,10.58,15.5,31.93,9.54,,0.028639,22.8,,16,,33.52,10.19,,,20.48,13.57,,38,Female,61,86,23.27,9.44,37.44,21.7,14,,,32.88,35.09,27.81,14.73,,,,,11.96,,,,35.79,36.44,4.67,20.42,30.07,35.57,,,,,12.87,14.33,11.49,13.64,24.36,27.97,13.17,12.41,12.42,12.34,,,20.23,20.58,,22.77,21.53,,,32.4,28.18,,86,20,66,7.85
12.96,,,14.52,,8.49,,0.037087,23.3,,21,,,,0.953,1.046,19.56,13.62,32.86,35,Female,58,101,,9.95,,20.85,14.49,,,34.07,34.49,23.14,,,,,,,28.15,12.52,32.83,,,,,30.58,31.96,,,,,12.97,,13.3,,26.27,,,,11.55,,25.26,23.46,,,19.48,27.96,,,,32.63,,0.808,101,24,77,
15.8,15.08,12.84,17.72,39.85,13.76,,0.03114,29.2,,22.9,,39.78,6.09,,,23.97,15.44,,35,Male,67,148,26.75,10.89,39.92,25.3,16.86,,,38.88,40.6,28.74,18.64,,,,,14.39,,,,35.34,35.17,4.08,17.63,36.66,34.73,,,,,10.33,11.66,10.43,11.51,20.76,23.18,12.4,12.7,16.78,16.55,,,20.88,23.07,,24.98,26.26,,,39.78,36.5,,148,43,105,8.51
14.6,15.77,14.5,20.33,40.23,15.51,,0.033619,26.2,,25.7,,41.43,7.15,,,25.82,16.06,,25,Male,72,187,28.32,9.91,43.75,27.63,18.65,,,37.59,40.94,31.43,17.05,,,,,15.09,,,,38.37,38.26,4.86,19.2,37.65,37.8,,,,,11.73,13.7,10.73,12.75,22.45,26.45,12.84,13.85,16.7,16.56,,,21.8,24.48,,25.8,27.72,,,40.01,37.88,,187,49,138,10.41
12.68,15.79,13.02,15.13,33.61,9.03,,0.023759,30.5,,18.5,,35.24,9.47,,,21.99,14.29,,32,Female,59,90,23.54,8.32,45.61,24.83,16.03,,,35.43,36.88,21.23,13.15,,,,,12.92,,,,39.75,39.6,5.44,26.46,33.96,39.24,,,,,22.96,22.98,21.13,21.25,44.09,44.23,12.89,12.65,14.28,13.93,,,20.93,19.07,,27.22,13.89,,,33.12,31.12,,90,28,62,5.18
14.72,13.51,11.47,19.4,33.81,12.19,,0.031983,28,,22.7,,36.08,7.24,,,20.44,13.95,,53,Female,59,112,24.72,10.01,38.43,23.85,16.68,,,36.31,36.45,27.67,17.39,,,,,14.19,,,,35.38,35.01,5.36,20.91,31.91,34.78,,,,,11.69,14.15,11.73,14.45,23.42,28.59,13.36,14.76,13.06,12.5,,,20.54,20.92,,23.66,25.75,,,34.83,31.52,,112,32,80,8.04
14.02,,,15.4,,7.91,,0.030865,28.2,,21,,,,0.914,1.011,20.57,14.15,35.38,50,Female,59,106,,11.17,,23.33,16.24,,,38.07,38.71,31.77,,,,,,,33.05,12.47,39.19,,,,,33.8,38.78,,,,,13.17,,10.94,,24.11,,,,15.01,,28.54,27.26,,,22.35,20.85,,,,33.97,,0.808,106,30,76,
15.39,14.71,12.85,23.05,41.38,12.69,,0.02511,37.1,,21.6,,40.68,8.05,,,25.47,16.2,,35,Male,66,134,27.65,12.26,41.59,27.45,18.12,,,39.47,40.23,26.98,19.98,,,,,15.3,,,,35.46,35.56,4.97,18.42,36.91,35.15,,,,,13.5,15.47,11.6,14.19,25.11,29.65,15.46,15.47,15.61,15.7,,,22.44,24.32,,26.24,24.99,,,40.68,38.55,,134,50,84,8.04
13.38,14.23,12.99,22.15,38.15,12.13,,0.037826,20.1,,23.2,,36.9,6.25,,,25.15,18.59,,46,Male,67,148,27.59,12.29,41.14,26.35,18.66,,,36.07,36.79,28.55,15.88,,,,,15.4,,,,35.17,35.11,3.73,17.92,34.55,34.9,,,,,11.44,12.09,10.23,11.16,21.67,23.24,14.37,15.84,14.01,15.85,,,22.7,24.71,,23.94,24.33,,,35.61,33.74,,148,30,118,8.62
11.67,,,10.17,,7.36,,0.037295,20.1,,20.1,,,,0.84,0.997,20.97,12.67,27.84,37,Female,58,97,,9.21,,22.13,13.45,,,31.06,33.16,13.55,,,,,,,23.28,10.55,36.04,,,,,24.37,34.95,,,,,25.15,,24.98,,50.13,,,,10.53,,25.75,23.53,,,20.12,23.61,,,,28.15,,0.714,97,19,78,
14.2,14.65,12.08,21.7,38.29,11.2,,0.032098,36.1,,26.4,,38.8,6.94,,,22.62,15.67,,31,Female,62,146,24.55,11.59,39.23,25.36,18.03,,,39.85,41.87,28.02,18.8,,,,,14.83,,,,34.52,34.62,5.48,19.98,37.84,34.34,,,,,13.33,14.84,10.21,12.49,23.53,27.33,13.74,14,14.21,13.39,,,19.22,20.82,,26.04,31.05,,,35.08,35.11,,146,53,93,8.61
15.32,16.78,15.49,20.05,41.5,12.25,,0.033609,29.6,,22.9,,40.94,7.26,,,24.11,15.59,,40,Male,69,154,26.4,11.6,43.35,26.59,17.37,,,38.72,39.41,26.87,16.48,,,,,15.09,,,,36.55,36.66,5.27,21.16,35,36.29,,,,,13.37,13.85,13.15,13.82,26.52,27.67,13.8,14.21,16.7,16.39,,,20.04,22.65,,23.58,21.99,,,38.71,36.75,,154,46,108,9.54
16.96,18.18,16.4,21.46,44.35,14.35,,0.026116,38.1,,22.5,,43.52,8.69,,,23.39,15.9,,47,Male,67,143,26.82,12.27,43.01,26.21,18.32,,,40.54,40.7,29.64,19.69,,,,,16.44,,,,38.61,38.42,5.14,22.6,37.6,38.35,,,,,13.46,14.58,13.45,14.44,26.91,29.02,12.95,13.06,17.65,17.14,,,19.7,20.66,,25.18,22.47,,,43.52,41.35,,143,55,88,8.94
14.41,13.33,14.12,19.99,40.71,14.68,,0.027509,26.4,,20.9,,39.17,6.96,,,24.19,14.47,,28,Male,67,134,29.61,10.8,40.51,25.57,15.71,,,35.17,38.03,30.33,17.15,,,,,14.97,,,,36.26,36.18,4.24,18.97,32.78,36.09,,,,,10.46,11.2,10.66,11.49,21.12,22.69,14.47,14.51,16.93,15.77,,,24.79,24.92,,22.83,23.53,,,36.75,35.18,,134,36,98,9.84
15.91,15.83,14.1,19.15,39.64,9.34,,0.028968,32.9,,21.1,,38.62,6.37,,,21.39,13.64,,34,Female,61,110,24.49,11.86,38.04,24.19,16.92,,,36.15,39.4,27.57,16.25,,,,,14.91,,,,34,34.02,5.13,18.28,35.5,33.79,,,,,11.85,13.46,10.35,12.2,22.2,25.66,12.24,13.07,15.27,15.5,,,19.44,19.12,,24.36,24.33,,,34.71,33.34,,110,36,74,7.2
15.406,14.327,9.162,18.945,39.495,13.194,,0.037166,18.2,14.2,23.6,,37.628,6.918,1.048,1.176,23.404,16.289,,29,Male,64,137,25.73,10.019,37.562,24.996,17.071,,,33.184,35.903,27.505,15.393,,,,,14.284,,,,36.03,35.959,5.299,17.492,32.201,35.609,,,,,11.478,12.328,13.172,13.768,24.65,26.096,11.217,12.342,15.962,16.935,,,19.466,22.252,,23.568,24.158,,,35.405,31.342,0.873,,,,8.808
17.997,16.584,16.088,21.775,46.016,16.123,,0.0213,44.1,14.9,21.1,,45.647,8.444,1.019,1.05,26.621,18.679,,49,Male,69,141,28.059,10.466,43.155,26.653,18.891,,,41.589,44.808,28.654,23.707,,,,,17.788,,,,37.457,36.992,4.927,20.061,39.438,36.689,,,,,14.196,15.819,12.102,14.247,26.299,30.066,13.405,14.806,19.749,17.748,,,22.319,22.743,,30.634,29.966,,,43.297,43.257,0.965,,,,9.084
12.705,15.464,11.893,21.532,37.769,16.149,,0.025786,35.7,10.8,20.1,,36.894,6.265,0.914,0.965,25.845,17.455,,45,Male,67,128,24.082,10.951,39.842,27.061,18.916,,,39.459,40.383,28.885,18.744,,,,,15.114,,,,33.668,33.873,4.368,17.243,36.434,33.508,,,,,10.331,11.763,9.074,10.915,19.405,22.678,11.419,14.536,14.001,15.586,,,19.115,21.003,,24.384,28.726,,,37.076,37.233,0.922,,,,9.854
14.407,17.109,14.807,18.005,39.353,13.282,,0.026513,30.2,13.2,20.2,,40.965,7.187,1.057,1.144,25.177,15.203,,29,Male,65,121,26.918,9.264,39.723,26.39,16.698,,,37.472,38.768,29.781,17.853,,,,,16.212,,,,36.387,36.479,6.456,19.131,33.6,36.155,,,,,12.183,14.305,10.058,11.174,22.24,25.479,13.493,12.74,16.916,16.931,,,21.668,20.566,,22.732,24.097,,,37.335,35.404,0.92,,,,10.49
14.3,15.118,12.862,13.707,34.723,8.711,,0.038858,22.9,16.6,20.2,,33.535,7.166,0.916,1.1,22.769,15.834,,32,Female,64,117,25.082,10.448,38.242,24.438,17.188,,,33.784,36.618,29.579,12.849,,,,,13.298,,,,37.105,37.166,6.383,19.109,30.489,36.75,,,,,13.188,14.129,11.473,12.839,24.661,26.969,13.277,12.136,14.9,13.694,,,19.652,20.246,,20.808,20.21,,,29.423,29.093,0.795,,,,8.73
15.204,15.944,14.238,18.206,39.894,12.086,,0.031651,33.9,26.8,24.8,,39.785,7.043,0.895,1.129,23.606,15.548,,34,Female,69,165,27.299,12.256,39.25,25.502,17.965,,,42.147,44.45,25.768,27.543,,,,,13.687,,,,40.945,41.2,7.49,21.091,35.244,40.437,,,,,21.186,27.426,19.172,26.058,40.358,53.484,12.378,13.593,17.03,16.258,,,21.522,23.698,,30.247,27.786,,,31.84,33.097,0.745,,,,7.758
15.794,15.423,13.05,20.284,42.667,13.326,,0.028064,29.8,16.5,24.8,,42.533,7.483,0.999,1.129,24.712,17.046,,26,Male,64,143,26.916,9.82,38.54,25.482,17.889,,,41.909,42.563,28.523,18.506,,,,,17.633,,,,34.146,34.056,4.404,16.064,37.148,33.653,,,,,11.054,12.387,9.637,11.143,20.692,23.53,12.579,13.451,18.156,17.144,,,21.298,21.74,,24.943,26.53,,,39.469,36.949,0.868,,,,6.265
14.046,19.497,12.544,23.77,40.441,25.077,,0.02811,43.6,11,27.4,,45.802,7.945,1.044,1.069,21.528,14.123,,48,Female,64,159,26.733,12.188,49.025,25.467,18.202,,,43.478,43.865,16.601,8.123,,,,,16.386,,,,35.707,35.689,4.061,27.621,41.915,35.457,,,,,24.974,25.053,22.166,22.217,47.141,47.271,13.433,13.488,17.041,16.292,,,21.437,22.83,,35.319,17.713,,,44.597,42.658,0.972,,,,9.8
13.734,17.32,12.876,16.503,35.968,12.347,,0.034747,30.8,14.3,21.3,,39.109,6.576,1.003,1.11,22.391,14.99,,34,Female,66,132,25.95,10.872,41.668,24.813,17.669,,,36.486,38.987,22.709,18.608,,,,,13.245,,,,35.339,35.277,6.921,21.626,35.224,34.977,,,,,17.04,22.928,16.427,22.418,33.466,45.346,11.574,12.394,14.973,17.002,,,20.08,21.982,,28.87,23.177,,,35.141,34.102,0.875,,,,6.374
15.57,15.266,14.691,19.787,43.293,13.187,,0.028598,29.4,11,19.8,,42.154,7.722,1.047,1.105,26.598,17.794,,29,Male,72,148,27.769,9.299,46.198,27.464,19.099,,,38.665,40.244,30.622,16.353,,,,,16.814,,,,38.284,38.315,4.006,21.696,35.543,38.174,,,,,12.162,13.096,11.186,12.13,23.349,25.226,14.345,14.198,18.904,18.027,,,21.334,23.99,,23.793,23.163,,,42.154,37.435,0.93,,,,9.817
16.803,17.819,14.295,16.417,38.919,10.128,,0.030207,33.2,13.1,21.5,,40.403,6.228,0.972,1.201,21.175,16.503,,30,Female,63,121,23.308,11.566,38.921,23.815,18.676,,,39.699,41.578,27.677,14.093,,,,,14.835,,,,34.195,34.149,3.578,17.428,37.973,33.881,,,,,10.907,12.107,11.583,12.936,22.49,25.043,12.878,11.439,13.671,14.372,,,18.858,18.598,,26.796,26.306,,,35.322,34.665,0.803,,,,10.024
15.019,18.622,15.191,19.056,44.135,13.155,,0.029512,36.4,11.8,21.7,,42.254,7.215,1.044,1.154,20.442,13.766,,29,Female,64,126,25.646,11.675,37.945,23.047,16.361,,,39.683,40.458,26.01,16.346,,,,,13.616,,,,35.07,34.98,3.927,18.452,37.265,34.831,,,,,12.134,14.276,12.749,14.315,24.883,28.591,13.772,12.822,17.718,16.737,,,19.588,20.165,,25.002,23.926,,,37.269,36.554,0.904,,,,8.915
14.866,16.381,13.623,20.083,40.007,13.204,,0.022857,44,9.7,19.6,,42.021,8.808,0.892,1.065,21.776,14.944,,28,Female,64,115,27.848,10.845,40.12,23.833,17.144,,,44.03,47.128,26.986,16.711,,,,,12.791,,,,36.969,36.998,6.16,20.053,39.438,36.646,,,,,13.248,17.281,18.529,20.908,31.777,38.189,14.362,14.163,13.874,14.417,,,21.59,22.985,,35.981,36.003,,,36.618,36.515,0.775,,,,7.344
14.818,15.721,13.441,24.5,41.321,15.693,,0.023056,38.8,12.8,19.3,,40.514,6.804,0.988,1.012,24.604,16.865,,50,Male,69,130,29.517,12.937,49.105,26.284,18.719,,,37.971,41,30.906,21.04,,,,,16.595,,,,38.804,38.869,3.983,26.234,37.962,38.554,,,,,12.881,13.737,11.409,12.531,24.29,26.268,14.379,16.719,16.674,16.994,,,24.128,24.425,,27.552,25.468,,,40.514,40.452,0.987,,,,9.43
14.72,15.666,14.242,20.588,41.78,16.31,,0.025243,32.9,13.5,22.5,,42.367,8.72,0.981,1.073,25.992,15.747,,43,Male,69,150,32.089,10.149,47.883,27.201,18.665,,,39.502,43.207,26.007,19.657,,,,,16.648,,,,37.246,37.074,5.051,23.431,36.9,36.613,,,,,14.346,14.618,14.15,14.345,28.496,28.963,14.358,13.709,18.871,16.18,,,25.155,24.718,,28.784,26.419,,,42.192,39.913,0.929,,,,9.736
14.575,15.897,13.719,19.141,38.505,11.436,,0.024801,28.7,1.9,16.7,,38.686,5.496,0.979,1.146,21.986,14.914,,44,Female,66,104,25.752,10.292,41.979,23.928,16.822,,,39.528,39.516,30.223,16.394,,,,,14.423,,,,37.329,37.281,4.589,22.47,36.573,37.065,,,,,11.725,12.496,11.299,12.239,23.024,24.735,12.25,13.561,16.507,15.354,,,19.979,22.056,,22.838,22.99,,,35.132,33.008,0.835,,,,6.795
13.753,17.53,11.53,21.126,39.008,18.479,,0.028176,50.6,16.6,21.6,,41.686,7.673,1.026,0.936,22.087,14.12,,44,Male,66,134,26.498,12.344,40.274,25.429,17.25,,,40.105,40.614,30.01,17.354,,,,,14.285,,,,34.459,34.79,2.67,16.974,39.636,34.322,,,,,10.193,11.121,9.008,10.414,19.202,21.535,12.123,14.052,16.675,17.017,,,20.296,20.924,,25.364,25.421,,,41.357,42.467,1.065,,,,8.386
13.725,13.827,12.243,18.334,35.343,12.472,,0.03349,22.2,13.2,21.1,,34.654,6.252,0.926,1.099,26.18,17.806,,28,Female,63,119,24.303,9.783,38.373,24.025,15.582,,,34.221,37.429,27.159,21.819,,,,,15.359,,,,34.134,33.966,6.409,19.839,31.521,33.721,,,,,11.091,12.869,11.121,12.825,22.212,25.694,13.637,12.421,14.798,13.414,,,20.822,21.67,,21.467,22.946,,,33.271,27.902,0.785,,,,7.058
14.745,14.882,14.555,23.556,42.639,16.048,,0.028825,31.6,8.9,20.8,,40.459,7.379,1.065,1.076,25.427,18.294,,49,Male,67,132,26.567,10.855,41.441,25.709,17.754,,,37.42,37.98,27.65,17.089,,,,,17.516,,,,34.97,34.785,4.921,20.589,34.002,34.489,,,,,10.281,11.653,12.328,13.143,22.609,24.796,13.602,12.41,16.315,16.695,,,22.432,21.119,,23.855,23.44,,,40.459,37.683,0.992,,,,8.779
17.107,16.3,15.797,21.577,45.734,14.514,,0.027072,30,14.6,23,,41.944,8.147,0.984,1.065,29.747,20.076,,53,Male,70,161,30.608,12.422,45.931,30.011,20.858,,,41.084,42.647,30.295,19.276,,,,,17.314,,,,38.228,38.377,5.859,21.587,36.723,37.908,,,,,13.182,14.52,10.857,12.341,24.04,26.861,14.599,14.218,19.147,18.41,,,24.54,22.392,,26.473,27.52,,,41.944,39.963,0.937,,,,12.083
15.955,15.036,14.227,21.054,42.006,13.87,,0.029013,34.9,18.1,21.6,,39.363,6.81,1,1.02,26.078,17.709,,53,Male,66,134,29.131,12.189,46.261,27.007,18.544,,,38.828,39.344,28.025,16.715,,,,,15.616,,,,34.844,34.521,3.565,21.46,36.995,34.436,,,,,10.124,11.268,11.024,11.813,21.149,23.08,14.633,13.264,16.157,17.633,,,24.325,22.152,,24.807,26.139,,,38.206,39.238,0.997,,,,3.464
13.977,14.968,13.361,21.83,41.066,15.965,,0.029915,32.4,12.9,23.6,,39.136,6.888,0.995,1.009,24.234,16.407,,27,Male,65,143,26.601,10.933,43.277,25.106,17.271,,,38.581,39.315,26.472,17.266,,,,,17.652,,,,34.084,34.219,3.989,20.559,35.512,33.717,,,,,11.67,12.128,11.098,11.536,22.768,23.664,13.395,13.455,17.197,15.834,,,21.703,22.178,,24.013,24.014,,,39.136,38.626,0.982,,,,7.287
16.037,14.897,14.076,19.915,42.851,14.218,,0.033172,27.8,12.3,23.2,,40.919,7.303,1.128,1.127,23.743,14.61,,40,Male,64,134,25.181,10.898,38.032,24.627,15.862,,,33.396,36.275,26.342,16.328,,,,,17.895,,,,33.332,33.445,4.405,17.171,32.13,32.992,,,,,10.882,11.673,10.704,11.286,21.586,22.959,12.116,12.548,18.431,17.96,,,19.963,19.324,,22.415,22.419,,,40.919,35.869,0.997,,,,8.107
13.628,16.83,12.868,18.417,36.891,10.511,,0.040913,31.4,25.9,27.5,,36.695,6.63,0.969,1.071,23.682,15.724,,30,Female,61,146,23.803,11.523,39.747,26.008,18.154,,,37.414,37.888,26.448,15.449,,,,,13.568,,,,31.664,31.546,4.749,17.258,36.776,31.449,,,,,9.392,10.385,9.159,10.115,18.551,20.5,11.697,13.261,14.284,15.833,,,18.434,19.647,,20.917,21.609,,,32.501,33.225,0.877,,,,7.387
16.571,16.689,16.41,25.339,48.174,17.199,,0.02308,42.5,10.5,23.2,,46.448,7.197,1.023,1.05,23.357,17.111,,49,Male,67,148,26.114,12.544,45.663,25.809,18.342,,,45.47,45.426,25.443,20.467,,,,,21.197,,,,35.183,34.968,3.004,21.646,44.962,34.872,,,,,14.786,15.626,13.015,13.573,27.801,29.199,13.609,13.447,18.542,18.561,,,21.114,21.916,,29.746,28.712,,,46.354,43.803,0.964,,,,10.196
17.991,18.909,15.43,23.117,47.938,17.78,,0.018063,50.9,4.2,23.9,,48.65,9.111,0.887,1.022,25.63,17.975,,31,Female,67,154,29.321,14.259,51.381,28.339,20.678,,,52.28,54.857,18.383,14.852,,,,,18.633,,,,39.314,39.335,7.061,27.516,47.588,38.998,,,,,28.402,28.417,26.208,26.89,54.611,55.307,13.641,14.061,21.051,19.883,,,21.878,23.911,,41.519,22.101,,,46.143,44.033,0.803,,,,9.295
19.231,15.838,15.883,30.457,50.575,17.271,,0.020283,45.7,45.7,23.2,,48.898,8.644,0.993,1.016,25.981,12.231,,31,Male,72,170,32.75,13.943,46.664,28.39,14.232,,,48.055,49.258,31.449,23.308,,,,,19.684,,,,36.525,37.878,1.219,18.94,48.458,36.338,,,,,11.258,14.814,9.578,13.491,20.836,28.306,15.891,18.718,19.929,17.512,,,24.046,28.942,,33.204,32.478,,,48.835,48.955,0.966,,,,12.571
15.324,15.262,13.783,21.488,42.366,13.855,,0.026565,26.4,12.8,21.7,,39.166,7.446,0.936,1.086,23.857,16.373,,52,Male,67,137,28.434,13.292,43.169,27.677,19.749,,,39.509,41.855,28.519,19.485,,,,,17.782,,,,37.105,37.033,6.72,22.969,36.066,36.596,,,,,13.16,14.28,12.389,13.352,25.549,27.632,13.583,12.485,17.281,18.325,,,22.261,21.786,,26.403,27.15,,,38.331,37.608,0.899,,,,9.189
17.765,15.833,16.188,22.416,46.246,16.04,,0.024501,36,10,21.1,,43.204,7.792,0.983,1.055,25.426,17.849,,28,Male,70,148,29.627,12.812,43.427,28.083,19.444,,,43.76,43.939,30.215,18.691,,,,,17.722,,,,37.688,38.123,4.218,19.049,40.65,37.418,,,,,11.256,13.098,12.345,13.441,23.601,26.539,14.037,14.414,18.638,17.901,,,24.081,24.391,,27.618,28.808,,,43.204,40.268,0.916,,,,8.112
14.279,16.445,13.853,14.824,35.882,9.462,,0.033371,34.1,13.2,20.4,,36.293,7.07,0.855,1.054,23.617,16.516,,30,Female,65,121,24.678,10.409,39.951,25.075,18.097,,,35.998,42.473,29.746,12.985,,,,,13.754,,,,37.001,36.82,5.934,19.559,34.412,36.298,,,,,12.191,13.324,12.16,13.278,24.351,26.602,12.438,12.732,15.613,14.001,,,20.46,19.945,,15.774,17.173,,,33.924,33.782,0.78,,,,9.507
13.108,14.664,13.17,16.616,35.621,8.48,,0.031352,33.8,22.4,24.2,,36,6.704,0.89,1.083,22.14,14.761,,38,Female,61,130,24.879,10.009,38.512,22.626,16.135,,,37.273,40.451,27.487,19.538,,,,,13.407,,,,34.716,35.046,5.442,19.838,34.205,34.425,,,,,11.854,13.48,10.943,12.579,22.797,26.06,12.584,13.061,14.343,13.904,,,20.239,21.395,,26.57,27.35,,,32.855,32.637,0.807,,,,7.941
16.843,19.017,15.88,20.027,44.327,14.826,,0.026448,33.7,10.3,19.4,,45.503,7.928,1.151,1.164,24.758,17.555,,31,Male,71,139,27.69,10.949,46.937,27.472,19.179,,,37.266,39.54,30.548,17.529,,,,,17.008,,,,37.424,37.393,3.221,22.593,36.401,37.15,,,,,11.089,11.95,10.777,11.864,21.866,23.814,11.732,13.75,17.672,19.17,,,18.754,22.101,,25.697,23.577,,,41.718,38.97,0.982,,,,9.55
12.096,13.227,12.057,20.822,36.799,12.234,,0.039095,16.1,16.3,24.1,,35.271,5.894,0.974,1.123,23.223,15.843,,26,Male,64,141,26.366,11.365,41.6,24.571,18.042,,,35.088,36.205,28.472,15.352,,,,,14.113,,,,35.255,34.965,3.494,19.205,31.202,34.759,,,,,11.171,11.724,10.01,10.68,21.181,22.404,12.093,14.417,15.313,16.615,,,18.824,22.87,,22.216,23.926,,,35.271,31.204,0.862,,,,4.222
16.954,17.508,15.294,20.941,46.32,16.113,,0.02699,35.9,14.8,24.8,,45.29,9.055,1.005,1.051,26.209,19.036,,36,Male,69,168,29.76,12.096,44.66,29.661,20.728,,,44.145,45.047,27.154,19.801,,,,,19.754,,,,36.103,36.593,5.142,19.557,40.304,35.894,,,,,14.323,14.625,12.328,12.587,26.651,27.213,14.45,14.42,19.678,20.281,,,22.248,23.783,,28.67,26.033,,,43.859,42.882,0.952,,,,6.506
14.515,14.551,14.223,18.925,39.662,13.07,,0.032653,21.9,12.9,21.6,,37.755,6.933,0.986,1.125,25.227,17.217,,35,Male,66,134,28.039,10.537,42.589,26.61,18.015,,,35.647,38.293,28.063,15.62,,,,,14.944,,,,34.872,34.828,4.494,19.353,32.183,34.651,,,,,11.254,11.98,10.193,11.182,21.448,23.162,13.348,13.832,15.384,16.092,,,21.759,23.549,,21.33,21.489,,,37.755,33.082,0.864,,,,7.075
11.255,14.958,8.886,14.056,29.816,8.66,,0.035067,16.1,25,20.8,,31.013,7.103,0.939,1.203,19.55,13.344,,25,Female,61,110,23.892,10.87,41.179,21.466,15.598,,,29.534,33.045,19.715,10.888,,,,,12.068,,,,36.118,35.727,4.429,22.124,26.426,35.218,,,,,21.319,21.473,20.6,20.725,41.919,42.198,12.129,13.553,12.29,10.998,,,19.857,20.064,,29.001,19.427,,,27.784,25.338,0.767,,,,8.013
15.262,15.703,13.406,18.898,38.387,12.742,,0.032469,34.1,9.8,21.6,,37.876,6.766,0.997,1.035,19.737,12.874,,50,Female,61,115,25.803,10.423,39.041,21.92,14.951,,,38.81,38.006,30.385,11.296,,,,,14.268,,,,36.799,36.148,4.746,19.698,37.147,35.945,,,,,13.165,19.699,10.921,17.684,24.086,37.383,13.453,11.5,16.031,14.477,,,22.739,20.991,,26.78,28.049,,,35.462,35.971,0.946,,,,7.755
12.484,14.874,10.753,17.511,34.048,10.04,,0.030879,23,12.7,18,,32.862,4.836,0.928,1.062,22.866,16.024,,27,Female,63,101,27.135,12.441,41.383,25.632,18.308,,,33.213,35.403,30.266,15.008,,,,,12.311,,,,35.65,35.284,3.739,19.53,31.75,35.141,,,,,9.609,11.72,9.137,11.324,18.746,23.044,14.066,13.441,13.924,14.686,,,22.932,21.956,,21.617,25.929,,,32.862,28.938,0.817,,,,6.063
12.057,13.908,10.265,18.558,33.646,12.393,,0.030794,19.6,13.7,19.9,,34.456,5.73,0.911,1.234,22.388,14.951,,38,Female,63,112,24.597,9.143,36.76,23.103,15.737,,,33.541,37.841,26.378,14.204,,,,,15.453,,,,36.476,36.491,6.824,19.31,27.918,36.013,,,,,14.306,20.977,14.927,20.902,29.233,41.879,13.898,13.879,13.325,13.278,,,21.081,21.482,,26.672,25.99,,,29.534,27.252,0.72,,,,8.822
15.91,15.97,15.476,19.625,42.775,13.058,,0.030749,23.4,15.7,23.5,,40.873,6.523,0.999,1.14,26.348,15.545,,27,Male,69,159,30.003,11.436,43.486,28.814,17.721,,,39.919,40.932,30.287,18.159,,,,,15.409,,,,38.168,38.855,6.328,20.197,33.431,37.633,,,,,12.643,13.527,10.78,11.714,23.423,25.24,14.035,14.92,18.744,18.118,,,22.73,24.353,,23.663,25.187,,,40.087,35.3,0.866,,,,7.235
13.844,12.41,12.795,23.081,40.193,16.105,,0.02951,33.1,9.4,19.6,,36.646,7.167,0.987,0.981,25.281,16.402,,34,Male,68,128,27.384,12.643,45.631,26.956,17.776,,,35.322,37.119,29.963,17.652,,,,,15.183,,,,36.66,36.656,6.146,23.962,30.414,36.254,,,,,10.655,12.557,10.342,12.395,20.997,24.952,13.623,14.038,14.904,16.417,,,23.909,24.393,,23.297,25.752,,,36.646,35.599,0.995,,,,10.705
13.485,17.242,12.7,14.072,34.803,8.901,,0.036121,28.6,22.7,22.9,,34.681,6.899,0.889,1.134,19.633,13.264,,29,Female,61,121,24.745,11.606,38.326,22.522,16.046,,,36.639,39.032,27.913,14.765,,,,,13.156,,,,35.865,35.706,4.206,19.041,32.903,35.402,,,,,12.922,13.222,11.691,12.331,24.613,25.553,13.135,11.761,14.555,14.946,,,18.839,20.481,,25.208,21.937,,,31.095,29.406,0.753,,,,8.19
12.838,14.305,11.369,16.336,33.94,11.727,,0.033868,22.1,8.9,18,,34.24,5.766,0.971,1.146,21.339,14.938,,25,Female,63,101,26.263,9.779,37.179,23.715,16.599,,,33.822,35.258,29.2,14.279,,,,,13.48,,,,33.308,33.371,4.502,18.603,30.623,33.047,,,,,8.4,9.294,7.534,8.846,15.934,18.141,13.654,13.91,14.161,14.395,,,21.952,22.044,,19.721,20.854,,,29.569,29.658,0.841,,,,5.443
16.365,14.383,14.066,21.018,43.608,14.589,,0.034664,24.1,16.5,24.4,,41.22,6.653,1.062,1.149,22.462,15.271,,31,Male,66,152,27.253,11.15,43.957,24.643,17.846,,,37.623,38.812,28.03,14.59,,,,,16.57,,,,35.988,35.993,4.066,22.14,36.162,35.68,,,,,11.566,12.027,12.027,12.202,23.593,24.229,15.231,14.383,17.98,16.758,,,21.282,22.225,,23.159,21.945,,,38.351,36.07,0.929,,,,9.405
15.803,13.747,12.212,21.373,42.894,16.315,,0.03482,21.7,9.7,24.1,,40.325,8.223,1.07,1.132,23.784,15.959,,25,Male,68,159,27.082,10.181,42.542,25.089,18.348,,,35.54,37.688,29.946,15.624,,,,,17.413,,,,37.452,37.418,4.401,20.593,34.063,36.996,,,,,11.938,12.215,10.739,11.108,22.677,23.323,13.692,14.263,18.036,18.814,,,22.051,23.432,,22.465,22.984,,,38.573,36.351,0.965,,,,8.406
14.141,16.17,4.819,19.352,37.488,16.274,,0.026964,44.6,11.9,23.5,,40.722,7.187,0.913,1.031,24.184,16.462,,23,Female,63,134,26.239,9.835,39.866,26.016,18.152,,,42.633,44.618,26.113,19.884,,,,,13.064,,,,33.757,33.816,4.197,17.193,37.487,32.996,,,,,11.811,12.528,10.731,11.683,22.542,24.21,14.684,12.588,14.942,16.234,,,23.096,20.953,,27.07,28.098,,,40.633,39.359,0.882,,,,6.361
14.093,15.148,11.801,22.275,40.966,14.425,,0.027388,24.9,24.9,24.7,,38.716,6.201,0.933,1.093,19.927,13.181,,25,Female,60,126,23.311,13.446,36.972,23.53,17.534,,,39.794,41.505,25.964,17.727,,,,,24.813,,,,35.169,35.196,4.889,17.982,36.306,34.746,,,,,13.601,16.507,15.01,16.403,28.61,32.91,11.186,13.356,17.783,16.85,,,18.535,21.155,,29.448,26.341,,,37.644,35.181,0.848,,,,6.905
13.077,15.795,7.62,21.303,37.245,12.431,,0.032369,19.9,20,23.6,,37.845,10.823,0.998,1.201,21.493,14.587,,28,Female,61,123,25.241,10.026,41.903,22.709,16.225,,,35.455,37.906,17.01,13.699,,,,,13.237,,,,36.519,36.269,6.248,25.641,31.662,35.927,,,,,21.846,21.84,22.031,22.186,43.877,44.026,12.843,13.98,14.622,16.731,,,21.34,22.197,,25.456,0,,,32.873,32.293,0.852,,,,7.628
13.859,15.651,13.418,20.079,39.185,15.132,,0.025168,40.1,10.9,21.2,,40.497,7.724,0.999,0.969,24.175,16.221,,40,Male,67,137,26.58,12.78,44.148,26.237,18.245,,,38.573,40.534,30.42,19.34,,,,,19.849,,,,37.087,36.812,4.279,20.883,35.034,36.462,,,,,11.314,12.939,10.264,12.214,21.577,25.153,13.782,14.593,16.93,15.431,,,22.207,22.495,,25.602,25.398,,,40.497,41.212,1.017,,,,11.086
16.977,15.271,14.976,21.129,44.213,14.543,,0.026853,40,29.1,19.9,,40.931,7.307,1.007,1.036,24.817,17.293,,43,Male,70,139,28.56,11.882,47.487,26.062,18.346,,,38.122,40.638,31.495,16.757,,,,,18.899,,,,38.684,38.385,4.565,24.928,35.738,38.1,,,,,12.234,13.366,10.604,12.031,22.838,25.397,14.729,14.043,16.75,16.67,,,24.42,23.562,,24.532,24.375,,,40.931,39.111,0.962,,,,4.205
14.273,15.982,11.454,19.4,37.18,11.763,,0.037083,31.1,20.5,25.2,,38.408,8.787,0.97,1.135,22.342,15.849,,26,Female,62,137,24.911,9.903,38.913,23.092,16.421,,,38.554,39.581,28.405,14.203,,,,,14.504,,,,34.141,34.193,4.303,20.101,35.733,33.801,,,,,11.067,12.075,10.585,11.648,21.653,23.723,12.946,14.266,15.107,15.097,,,20.295,21.826,,23.28,24.937,,,33.046,32.628,0.824,,,,6.14
14.806,18.901,11.974,16.334,37.305,9.316,,0.021864,37.2,37.2,16.7,,41.857,11.421,0.995,1.012,22.736,15.645,,44,Female,65,101,25.778,11.595,38.47,25.378,17.983,,,43.471,42.075,27.564,17.126,,,,,17.689,,,,36.316,36.25,4.98,18.314,42.072,36.205,,,,,12.226,12.291,11.541,11.578,23.768,23.869,13.227,14.414,16.226,16.108,,,19.985,21.851,,23.102,23.548,,,39.799,40.661,0.966,,,,7.707
17.595,18.438,12.833,21.701,46.136,14.952,,0.025869,39.8,10.6,19.7,,42.077,8.869,1.081,1.042,25.508,18.771,,53,Male,67,126,27.267,12.412,40.492,29.061,20.738,,,37.432,38.932,28.785,18.95,,,,,19.358,,,,33.917,33.736,4.644,16.062,35.125,33.468,,,,,8.899,10.575,9.481,11.14,18.38,21.715,11.467,15.214,16.443,19.928,,,19.5,22.466,,23.941,26.165,,,41.638,40.445,1.039,,,,8.822
14.522,16.315,14.815,21.699,40.847,15.23,,0.028459,27,12.6,22.1,,39.776,7.306,0.989,1.081,26.274,18.722,,50,Male,69,148,26.963,9.287,46.083,27.713,19.428,,,38.399,40.21,31.32,19.375,,,,,16.195,,,,38.018,37.679,6.275,23.059,35.627,37.463,,,,,13.796,15.466,9.856,11.607,23.652,27.073,13.75,14.141,16.386,16.094,,,22.12,22.298,,27.216,29.203,,,39.776,37.857,0.942,,,,5.591
13.772,14.206,12.495,19.919,38.215,12.682,,0.025911,15.4,15.4,20.1,,37.568,6.305,0.927,1.171,21.493,15.892,,32,Female,61,108,25.576,9.798,41.157,22.802,16.265,,,35.95,40.539,26.354,15.604,,,,,25.071,,,,36.419,36.458,6.35,23.435,32.077,35.946,,,,,14.712,15.528,13.789,14.965,28.501,30.494,13.674,14.953,17.13,13.529,,,22.32,22.107,,25.451,24.677,,,34.025,30.601,0.755,,,,9.402
17.844,14.725,15.959,21.033,46.314,15.75,,0.032112,28.2,17.6,27.8,,43.305,7.382,1.01,1.071,25.54,17.28,,39,Male,69,187,27.542,12.555,44.743,28.447,20.221,,,41.681,42.879,26.094,18.755,,,,,17.585,,,,35.871,35.859,4.544,20.218,40.159,35.726,,,,,12.558,13.73,15.502,17.105,28.06,30.835,12.006,13.295,19.636,21.538,,,20.487,23.358,,31.119,28.484,,,42.114,40.408,0.942,,,,10.754
19.769,20.894,18.196,24.897,51.527,18.058,,0.025663,51.3,10.8,32,,51.593,16.214,1.005,1.069,23.67,17.098,,30,Female,63,183,26.14,14.198,43.123,26.969,19.844,,,50.625,51.359,24.591,20.76,,,,,20.989,,,,35.571,35.705,6.467,21.15,48.25,35.093,,,,,16.439,19.228,16.904,19.076,33.343,38.304,11.152,11.81,20.115,20.329,,,17.759,18.902,,33.728,29.788,,,49.388,47.491,0.925,,,,11.087
13.316,14.314,12.162,15.4,36.484,11.074,,0.034682,27.2,11.6,20.3,,34.768,6.289,0.935,1.079,20.555,13.786,,29,Female,62,110,25.254,9.261,37.498,22.759,15.728,,,34.413,37.176,29.396,14.829,,,,,13.978,,,,36.058,36.058,5.78,19.861,32.235,35.882,,,,,12.024,14.11,10.79,12.212,22.815,26.323,14.31,13.922,14.22,14.57,,,20.878,21.658,,20.57,21.28,,,32.56,31.412,0.845,,,,8.332
16.741,18.962,15.987,21.806,44.718,16.107,,0.022936,41.1,11.1,22.3,,44.959,7.068,1.031,1.08,23.822,15.926,,46,Male,65,132,23.572,10.98,42.987,24.711,17.399,,,42.029,43.616,26.334,18.379,,,,,20.204,,,,33.603,33.569,3.054,20.244,41.275,33.409,,,,,11,13.022,11.875,13.012,22.875,26.034,13.198,11.081,17.183,17.911,,,20.466,21.212,,28.563,26.423,,,44.532,41.438,0.95,,,,11.987
17.732,14.689,12.589,22.219,44.056,14.544,,0.026321,32.4,10.4,17.8,,41.912,7.165,1.13,1.144,26.243,18.233,,25,Male,69,119,27.21,11.283,45,25.776,17.902,,,36.503,37.084,30.657,16.799,,,,,16.586,,,,37.065,36.873,5.69,23.991,33.989,36.533,,,,,10.46,12.128,9.102,11.127,19.562,23.256,13.509,12.32,17.815,17.485,,,21.436,19.819,,21.633,22.147,,,41.912,38.303,1.033,,,,7.816
14.223,12.42,12.573,20.797,38.405,12.577,,0.03657,16.5,11.8,22.2,,36.619,6.168,0.928,1.084,24.956,17.686,,30,Male,69,150,30.58,10.481,43.73,26.557,18.65,,,36.64,39.446,31.993,14.298,,,,,15.063,,,,38.119,38.088,4.638,20.534,33.835,37.722,,,,,11.541,12.268,9.453,10.696,20.994,22.965,17.978,17.525,15.28,15.077,,,27.024,26.454,,21.782,22.315,,,34.591,32.474,0.823,,,,6.927
16.459,13.496,11.943,20.261,36.318,12.376,,0.037778,24.9,11.3,20,,35.306,5.259,1.037,1.002,22.623,15.888,,30,Female,65,121,26.403,10.035,37.21,23.852,16.972,,,32.648,34.045,28.495,16.948,,,,,12.899,,,,36.244,35.644,6.109,16.65,32.769,35.481,,,,,10.881,18.216,10.208,17.036,21.088,35.252,13.188,15.904,14.896,14.452,,,20.946,23.188,,21.402,21.574,,,31.04,33.552,0.986,,,,7.093
17.649,19.662,16.804,25.991,47.689,16.07,,0.024487,40.7,22.6,23.8,,47.862,8.346,1.046,1.053,28.5,19.568,,56,Male,72,174,31.007,13.364,49.04,30.719,21.39,,,45.197,45.777,30.659,20.965,,,,,16.562,,,,39.261,39.338,5.602,23.141,43.706,38.914,,,,,11.677,12.831,13.822,14.485,25.499,27.316,16.175,15.847,19.105,18.965,,,23.807,23.946,,27.921,30.637,,,47.751,47.18,1.031,,,,8.874
14.235,13.469,12.765,18.8,37.208,12.12,,0.036377,34.8,11.6,20.5,,35.139,6.14,0.806,1.012,24.395,16.564,,25,Female,66,128,25.772,10.835,40.852,25.735,17.946,,,39.027,43.611,28.448,13.287,,,,,13.618,,,,36.903,36.582,7.589,20.825,34.717,36.073,,,,,13.474,0,12.734,0,26.208,0,12.852,12.332,14.773,13.512,,,20.802,21.102,,19.76,21.325,,,31.319,33.362,0.765,,,,7.36
13.559,15.823,12.001,19.838,37.987,13.424,,0.026667,34.7,16.9,21.3,,40.241,6.095,0.987,1.13,21.584,15.091,,31,Female,65,128,27.504,10.201,45.583,22.767,16.349,,,39.307,40.855,18.409,14.197,,,,,12.161,,,,38.815,38.769,5.894,27.639,34.978,38.433,,,,,25.823,26.117,24.068,24.67,49.891,50.788,12.84,12.548,16.46,15.836,,,21.326,21.371,,30.598,17.112,,,35.465,33.761,0.832,,,,10.432
16.812,18.062,15.144,18.777,44.311,14.898,,0.03043,36.2,18.8,25.5,,43.481,8.179,1.074,1.071,24.921,16.873,,48,Male,64,148,28.638,12.387,43.716,28.659,20.494,,,39.937,40.484,27.081,15.724,,,,,17.644,,,,32.633,32.742,3.376,17.909,37.509,32.248,,,,,9.308,10.125,9.83,10.99,19.139,21.115,11.646,11.677,18.904,20.65,,,20.266,20.826,,23.837,23.665,,,43.481,40.654,1.004,,,,8.556
16.633,13.839,14.1,22.741,45.124,14.954,,0.023463,37.4,10.5,18.9,,41.806,6.12,0.976,1.06,27.309,18.386,,25,Male,69,128,29.037,11.724,47.847,28.726,19.576,,,42.356,42.833,29.272,16.933,,,,,17.378,,,,37.054,37.093,5.572,23.878,37.669,36.879,,,,,11.879,13.001,11.95,12.584,23.829,25.585,14.26,15.527,18.54,16.287,,,24.013,24.041,,24.388,26.02,,,39.287,39.384,0.919,,,,7.513
16.049,14.253,12.793,21.818,43.343,14.536,,0.025436,34.1,13.4,20.9,,42.642,6.247,0.982,1.052,23.784,16.295,,37,Male,72,154,29.134,10.766,42.471,27.052,18.683,,,42.553,43.422,29.598,22.496,,,,,16.467,,,,37.212,37.335,3.638,20.084,41.152,37.077,,,,,12.55,14.177,11.713,13.647,24.263,27.825,13.96,13.971,18.653,15.838,,,23.003,23.188,,28.937,28.179,,,41.975,40.018,0.922,,,,12.05
14.595,15.36,14.058,20.783,40.97,15.124,,0.024558,39.1,11,19,,40.368,7.234,0.988,1.019,24.354,16.355,,29,Male,68,126,30.61,10.939,42.792,26.951,18.81,,,39.77,40.839,31.525,17.907,,,,,16.619,,,,37.06,37.386,4.358,19.625,38.619,36.855,,,,,11.684,12.777,9.004,10.78,20.688,23.557,15.294,15.886,16.744,15.168,,,23.915,24.908,,23.946,27.61,,,39.425,39.056,0.956,,,,10.276
12.926,16.348,14.04,23.659,34.528,15.329,,0.039304,29.6,16.6,23.5,,37.983,5.964,1.068,1.087,21.229,14.438,,47,Female,62,128,23.207,9.946,37.393,22.963,16.112,,,37.45,35.576,21.119,17.922,,,,,13.541,,,,33.793,33.937,5.98,20.228,34.947,33.532,,,,,17.403,18.577,15.953,18.046,33.357,36.624,12.087,13.536,15.037,15.084,,,18.588,14.948,,25.655,17.482,,,35.657,34.458,0.969,,,,4.306
11.681,15.385,9.917,15.82,32.536,8.68,,0.038272,19.7,20.9,19.5,,30.815,7.421,0.883,1.085,22.845,15.504,,27,Female,63,110,22.992,10.29,38.851,23.927,16.544,,,31.965,34.887,25.747,12.086,,,,,11.838,,,,36.182,36.137,6.771,20.489,28.389,35.682,,,,,17.647,23.995,11.283,11.611,28.93,35.606,13.725,13.642,12.416,12.689,,,19.192,18.962,,28.523,27.621,,,28.272,26.633,0.763,,,,8.124
20.112,15.025,14.98,23.509,44.54,8.537,,0.023385,46,12.9,23,,44.228,6.709,0.938,1.173,20.83,13.542,,23,Female,61,123,26.353,12.592,38.471,23.639,16.14,,,41.859,47.153,22.081,14.586,,,,,15.176,,,,38.464,39.098,6.012,19.811,37.693,36.339,,,,,19.488,21.034,22.311,23.115,41.8,44.149,12.925,12.226,16.933,16.643,,,21.325,20.143,,39.114,19.272,,,39.992,38.915,0.825,,,,8.18
13.586,16.846,12.596,13.421,33.397,9.578,,0.035871,35.9,25.3,25.1,,35.878,5.848,0.898,1.006,21.829,14.819,,32,Female,64,146,25.119,9.96,44.122,23.321,16.576,,,38.811,39.969,20.21,11.391,,,,,12.589,,,,36.085,36.07,4.392,24.305,36.771,35.688,,,,,17.957,17.96,25.336,25.36,43.293,43.32,12.305,12.811,14.302,14.272,,,19.522,20.394,,34.136,18.104,,,34.839,35.564,0.89,,,,9.805
17.483,14.712,13.045,20.098,42.639,14.438,,0.029216,25.3,23.6,23.2,,40.061,7.266,1.039,1.154,26.251,18.12,,50,Male,64,134,42.233,11.783,38.153,27.823,19.437,,,38.345,38.542,27.037,19.215,,,,,15.134,,,,34.477,34.475,7.422,17.622,34.719,34.252,,,,,10.988,11.943,12.212,13.477,23.199,25.42,11.363,19.293,18.375,18.214,,,18.355,36.237,,23.172,24.683,,,39.983,35.835,0.93,,,,10.069
16.265,15.694,14.494,21.766,43.383,15.868,,0.030568,33.3,11,23.2,,43.477,8.426,1.086,1.083,23.382,15.968,,45,Male,67,148,32.976,10.629,41.994,25.426,18.677,,,38.528,40.022,29.536,16.119,,,,,19.759,,,,36.206,36.267,4.91,21.384,35.975,35.849,,,,,10.423,11.544,11.953,13.1,22.377,24.643,12.751,14.816,17.308,17.211,,,27.54,23.544,,23.149,25.311,,,40.664,40.767,1.019,,,,9.402
17.082,15.193,14.215,21.86,43.029,15.131,,0.026769,34,16.2,23.4,,40.179,7.458,0.962,1.016,26.513,18.264,,45,Male,66,146,27.876,13.027,41.084,27.82,19.86,,,40.375,41.747,28.874,20.269,,,,,17.204,,,,36.094,36.141,5.875,18.558,38.388,35.902,,,,,12.682,14.012,10.834,12.831,23.516,26.843,14.963,14.747,17.368,16.028,,,23.153,19.736,,26.192,30.16,,,39.642,40.126,0.961,,,,9.905
14.406,15.15,11.378,15.564,35.852,8.523,,0.038209,24.6,21.2,22.4,,36.025,6.986,1.002,1.174,21.884,13.81,,27,Female,62,123,24.257,10.355,40.302,23.679,15.803,,,33.826,35.952,19.798,12.32,,,,,13.202,,,,35.902,35.92,6.16,22.504,30.865,35.396,,,,,18.959,19.178,18.503,18.643,37.462,37.822,12.756,13.085,14.793,16.15,,,19.524,19.825,,24.235,0,,,31.959,28.608,0.837,,,,7.229
12.295,15.002,11.657,21.388,36.777,12.441,2298.7,0.026876,31.2,5.5,20,3937,36.889,9.168,0.916,1.082,20.108,14.621,,34,Female,61,106,23.582,11.315,38.42,23.351,17.816,276.6,344,38.158,40.25,26.816,15.609,206.7,169,417.4,638,16.191,,,,34.716,34.797,4.377,18.624,36.121,34.473,184.9,144,416.6,645,11.997,13.696,12.174,14.063,24.171,27.759,14.598,12.849,12.435,14.049,,,20.794,20.323,,25.095,24.069,796.6,1637,32.828,34.169,0.826,,,,8.301
12.18,16.419,12.768,15.624,33.678,9.38,2413.8,0.030364,25.2,13.8,19,3703,36.683,6.188,0.979,1.222,20.975,13.55,,34,Female,65,112,26.576,8.5,38.869,23.131,15.185,279.5,364,34.367,37.456,29.936,16.465,173.6,107,506.1,714,12.94,,,,38.224,38.365,6.248,21.059,30.011,37.972,198.2,136,494.2,686,12.568,14.897,12.36,14.969,24.928,29.867,13.442,14.058,12.908,14.359,,,21.06,22.705,,22.944,26.022,762.2,1470,36.683,31.563,0.801,,,,8.23
13.137,12.861,9.374,16.319,33.184,8.636,2083,0.030196,18.6,3.9,16,3139,32.401,5.586,0.875,1.101,21.543,14.835,,33,Female,65,95,24.69,8.788,39.032,22.077,15.459,254.5,338,33.937,37.023,30.176,14.001,162.3,97,421.3,588,15.627,,,,36.862,37.031,4.875,20.902,31.416,36.606,176.8,111,401.4,552,10.26,11.034,11.479,12.239,21.739,23.273,13.111,15.461,13.599,12.437,,,20.004,21.836,,21.692,21.562,666.7,1176,30.092,28.247,0.763,,,,7.885
13.459,16.29,13.569,14.669,35.241,8.969,2231.6,0.032299,32.6,9,20.5,3413,35.18,5.487,0.93,0.997,20.342,13.295,,28,Female,61,110,23.338,10.156,38.5,23.252,15.318,269.1,311,33.896,37.827,27.615,14.062,146.9,83,434.2,595,14.214,,,,33.998,34.1,5.067,18.972,34.176,33.646,170.7,104,413.2,556,11.588,12.241,10.082,11.129,21.67,23.369,11.786,12.647,13.769,14.671,,,18.65,21.062,,22.251,21.862,797.4,1553,34.522,34.982,0.929,,,,8.11
11.631,16.216,11.223,17.096,31.971,13.447,2191,0.027808,24.4,2.2,15.6,3250,34.354,5.52,0.964,1.098,20.245,13.642,,28,Female,64,90,25.545,11.35,38.664,23.033,16.377,261.1,325,33.729,35.633,30.019,15.124,183.8,131,412.6,543,13.129,,,,37.099,37.042,4.887,20.292,32.338,36.808,178.5,121,417.9,552,10.274,10.871,11.925,12.451,22.199,23.322,13.913,13.518,11.846,13.006,,,21.951,21.54,,21.233,23.353,737.1,1375,33.377,31.018,0.87,,,,6.846
15.831,15.141,14.644,22.039,42.034,13.963,2793.1,0.03219,24.1,13,23.1,4520,39.288,7.425,1.005,1.118,24.992,17.331,,29,Male,67,146,28.707,9.803,42.135,26.389,18.294,276.7,390,36.745,39.091,28.571,15.979,250.9,212,504.1,720,15.268,,,,36.638,36.607,5.564,20.239,33.178,35.838,263.3,236,515.1,737,12.435,13.282,10.41,11.424,22.845,24.706,14.001,13.51,16.195,17.588,,,22.799,22.981,,22.983,22.773,983.1,1839,39.288,33.943,0.868,,,,8.907
11.739,15.242,11.268,17.538,36.897,7.795,2094.4,0.040467,16.2,20.3,19.8,2942,34.899,6.64,0.981,1.256,21.129,14.687,,30,Female,65,119,25.955,9.815,37.05,22.716,16.056,262.3,348,32.685,35.581,30.25,12.409,137,70,383.8,449,13.111,,,,36.461,36.525,4.928,18.614,30.486,36.226,204.3,140,390.5,460,10.645,11.022,10.328,10.781,20.973,21.803,13.648,13.208,13.058,13.895,,,19.254,21.488,,19.875,20.14,716.5,1268,30.938,25.718,0.723,,,,8.809